<!-- This file is an example of the Ivy module descriptor that this build will produce -->
<?xml version="1.0" encoding="UTF-8"?>
<ivy-module version="2.0" xmlns:m="http://ant.apache.org/ivy/maven">
  <info organisation="org.gradle.sample" module="project1" revision="1.0" status="integration" publication="«PUBLICATION-TIME-STAMP»">
    <description>The first project</description>
  </info>
  <configurations>
    <conf name="compile" visibility="public"/>
    <conf name="default" visibility="public" extends="compile,runtime"/>
    <conf name="runtime" visibility="public"/>
  </configurations>
  <publications>
    <artifact name="project1" type="sources" ext="jar" conf="compile" m:classifier="sources"/>
    <artifact name="project1" type="jar" ext="jar" conf="compile"/>
  </publications>
  <dependencies>
    <dependency org="junit" name="junit" rev="4.12" conf="runtime-&gt;default"/>
    <dependency org="org.gradle.sample" name="project2" rev="1.0" conf="runtime-&gt;default"/>
  </dependencies>
</ivy-module>
