<!-- Example of the Maven POM this build will produce -->
<?xml version="1.0" encoding="UTF-8"?>
<project xsi:schemaLocation="http://maven.apache.org/POM/4.0.0 http://maven.apache.org/xsd/maven-4.0.0.xsd" xmlns="http://maven.apache.org/POM/4.0.0"
    xmlns:xsi="http://www.w3.org/2001/XMLSchema-instance">
  <modelVersion>4.0.0</modelVersion>
  <groupId>org.gradle.sample</groupId>
  <artifactId>project1-sample</artifactId>
  <version>1.1</version>
  <dependencies>
    <dependency>
      <groupId>org.slf4j</groupId>
      <artifactId>slf4j-api</artifactId>
      <version>1.7.10</version>
      <scope>compile</scope>
    </dependency>
  </dependencies>
</project>
